Title,Year,Movie Duration,Rating,Poster,Plot Summary,Genres,Directors,Writers,Actors,Languages,Release Date,Release Country,Box Office,Production Companies
1. Once Upon a Time... in Hollywood,2019,2h 41m,7.6,https://www.imdb.com/title/tt7131622/?ref_=sr_i_1,"As Hollywood's Golden Age is winding down during the summer of 1969, television actor Rick Dalton and his stunt double Cliff Booth endeavor to achieve lasting success in Hollywood while meeting several colorful characters along the way.",,,,,,,,,
2. The Fifth Element,1997,2h 6m,7.6,https://www.imdb.com/title/tt0119116/?ref_=sr_i_2,"In the colorful future, a cab driver unwittingly becomes the central figure in the search for a legendary cosmic weapon to keep Evil and Mr. Zorg at bay.",,,,,,,,,
3. 300,2006,1h 57m,7.6,https://www.imdb.com/title/tt0416449/?ref_=sr_i_3,"In the ancient battle of Thermopylae, King Leonidas and 300 Spartans fight against Xerxes and his massive Persian army.",,,,,,,,,
4. John Wick: Chapter 4,2023,2h 49m,7.6,https://www.imdb.com/title/tt10366206/?ref_=sr_i_4,"John Wick uncovers a path to defeating The High Table. But before he can earn his freedom, Wick must face off against a new enemy with powerful alliances across the globe and forces that turn old friends into foes.",,,,,,,,,
5. The Whale,2022,1h 57m,7.6,https://www.imdb.com/title/tt13833688/?ref_=sr_i_5,"A reclusive, morbidly obese English teacher attempts to reconnect with his estranged teenage daughter.",,,,,,,,,
6. Hell or High Water,2016,1h 42m,7.6,https://www.imdb.com/title/tt2582782/?ref_=sr_i_6,"Toby is a divorced father who's trying to make a better life. His brother is an ex-con with a short temper and a loose trigger finger. Together, they plan a series of heists against the bank that's about to foreclose on their family ranch.",,,,,,,,,
7. Watchmen,2009,2h 42m,7.6,https://www.imdb.com/title/tt0409459/?ref_=sr_i_7,"In a version of 1985 where superheroes exist, the murder of a colleague sends active vigilante Rorschach on the trail of a conspiracy that will change the course of history.",,,,,,,,,
8. Anatomy of a Fall,2023,2h 31m,7.6,https://www.imdb.com/title/tt17009710/?ref_=sr_i_8,A woman is suspected of murder after her husband's death; their half-blind son faces a moral dilemma as the main witness.,,,,,,,,,
9. Aftersun,2022,1h 42m,7.6,https://www.imdb.com/title/tt19770238/?ref_=sr_i_9,Sophie reflects on the shared joy and private melancholy of a holiday she took with her father twenty years earlier. Memories real and imagined fill the gaps between as she tries to reconcile the father she knew with the man she didn't.,,,,,,,,,
10. The Others,2001,1h 41m,7.6,https://www.imdb.com/title/tt0230600/?ref_=sr_i_10,"In 1945, immediately following the end of Second World War, a woman who lives with her two photosensitive children on her darkened old family estate in the Channel Islands becomes convinced that the home is haunted.",,,,,,,,,
11. Office Space,1999,1h 29m,7.6,https://www.imdb.com/title/tt0151804/?ref_=sr_i_11,Three company workers who hate their jobs decide to rebel against their greedy boss.,,,,,,,,,
12. Star Wars: Episode III - Revenge of the Sith,2005,2h 20m,7.6,https://www.imdb.com/title/tt0121766/?ref_=sr_i_12,"As the Clone Wars nears its end, Obi-Wan Kenobi pursues a new threat, while Anakin Skywalker is lured by Chancellor Palpatine into a sinister plot for galactic domination.",,,,,,,,,
13. RoboCop,1987,1h 42m,7.6,https://www.imdb.com/title/tt0093870/?ref_=sr_i_13,"In a dystopic and crime-ridden Detroit, a terminally wounded cop returns to the force as a powerful cyborg haunted by submerged memories.",,,,,,,,,
14. True Grit,2010,1h 50m,7.6,https://www.imdb.com/title/tt1403865/?ref_=sr_i_14,A stubborn teenager enlists the help of a tough U.S. Marshal to track down her father's murderer.,,,,,,,,,
15. The Machinist,2004,1h 41m,7.6,https://www.imdb.com/title/tt0361862/?ref_=sr_i_15,An industrial worker who hasn't slept in a year begins to doubt his own sanity.,,,,,,,,,
16. Deadpool 2,2018,1h 59m,7.6,https://www.imdb.com/title/tt5463162/?ref_=sr_i_16,"Foul-mouthed mutant mercenary Wade Wilson (a.k.a. Deadpool) assembles a team of fellow mutant rogues to protect a young boy with abilities from the brutal, time-traveling cyborg Cable.",,,,,,,,,
17. Saw,2004,1h 43m,7.6,https://www.imdb.com/title/tt0387564/?ref_=sr_i_17,"Two men awaken to find themselves on the opposite sides of a dead body, each with specific instructions to kill the other or face consequences. These two are the latest victims of the Jigsaw Killer.",,,,,,,,,
18. Minority Report,2002,2h 25m,7.6,https://www.imdb.com/title/tt0181689/?ref_=sr_i_18,"John works with the PreCrime police which stop crimes before they take place, with the help of three 'PreCogs' who can foresee crimes. Events ensue when John finds himself framed for a future murder.",,,,,,,,,
19. The Butterfly Effect,2004,1h 53m,7.6,https://www.imdb.com/title/tt0289879/?ref_=sr_i_19,"Evan Treborn suffers blackouts during significant events of his life. As he grows up, he finds a way to remember these lost memories and a supernatural way to alter his life by reading his journal.",,,,,,,,,
20. Kung Fu Panda,2008,1h 32m,7.6,https://www.imdb.com/title/tt0441773/?ref_=sr_i_20,"To everyone's surprise, including his own, Po, an overweight, clumsy panda, is chosen as protector of the Valley of Peace. His suitability will soon be tested as the valley's arch-enemy is on his way.",,,,,,,,,
21. The Last of the Mohicans,1992,1h 52m,7.6,https://www.imdb.com/title/tt0104691/?ref_=sr_i_21,Three Mohican trappers agree to protect the daughters of a British Colonel in the midst of the French and Indian War.,,,,,,,,,
22. What We Do in the Shadows,2014,1h 26m,7.6,https://www.imdb.com/title/tt3416742/?ref_=sr_i_22,"Viago, Deacon, and Vladislav are vampires who are struggling with the mundane aspects of modern life, like paying rent, keeping up with the chore wheel, trying to get into nightclubs, and overcoming flatmate conflicts.",,,,,,,,,
23. Dark Waters,2019,2h 6m,7.6,https://www.imdb.com/title/tt9071322/?ref_=sr_i_23,A corporate defense attorney takes on an environmental lawsuit against a chemical company that exposes a lengthy history of pollution.,,,,,,,,,
24. The Boondock Saints,1999,1h 48m,7.6,https://www.imdb.com/title/tt0144117/?ref_=sr_i_24,Two Irish Catholic brothers become vigilantes and wipe out Boston's criminal underworld in the name of God.,,,,,,,,,
25. Stardust,2007,2h 7m,7.6,https://www.imdb.com/title/tt0486655/?ref_=sr_i_25,"In a countryside town bordering on a magical land, a young man makes a promise to his beloved that he'll retrieve a fallen star by venturing into the magical realm.",,,,,,,,,
26. The Thin Red Line,1998,2h 50m,7.6,https://www.imdb.com/title/tt0120863/?ref_=sr_i_26,"Adaptation of James Jones' autobiographical 1962 novel, focusing on the conflict at Guadalcanal during the second World War.",,,,,,,,,
27. My Cousin Vinny,1992,2h,7.6,https://www.imdb.com/title/tt0104952/?ref_=sr_i_27,"Two New Yorkers accused of murder in rural Alabama while on their way back to college call in the help of one of their cousins, a loudmouth lawyer with no trial experience.",,,,,,,,,
28. Moneyball,2011,2h 13m,7.6,https://www.imdb.com/title/tt1210166/?ref_=sr_i_28,Oakland A's general manager Billy Beane's successful attempt to assemble a baseball team on a lean budget by employing computer-generated analysis to acquire new players.,,,,,,,,,
29. Midnight in Paris,2011,1h 34m,7.6,https://www.imdb.com/title/tt1605783/?ref_=sr_i_29,"While on a trip to Paris with his fiancée's family, a nostalgic screenwriter finds himself mysteriously going back to the 1920s every day at midnight.",,,,,,,,,
30. Deliverance,1972,1h 49m,7.6,https://www.imdb.com/title/tt0068473/?ref_=sr_i_30,"Intent on seeing the Cahulawassee River before it's dammed and turned into a lake, outdoor fanatic Lewis Medlock takes his friends on a canoeing trip they'll never forget into the dangerous American back-country.",,,,,,,,,
31. The Fault in Our Stars,2014,2h 6m,7.6,https://www.imdb.com/title/tt2582846/?ref_=sr_i_31,"Hazel and Gus are teenagers who meet at a cancer support group and fall in love. They both share the same acerbic wit and a love of books, especially ""An Imperial Affliction"", so they embark on a journey to visit an author in Amsterdam.",,,,,,,,,
32. After Hours,1985,1h 37m,7.6,https://www.imdb.com/title/tt0088680/?ref_=sr_i_32,"Ordinary word processor Paul Hackett experiences the worst night of his life after he agrees to visit Marcy, a Soho resident that he met that evening at a coffee shop.",,,,,,,,,
33. Toy Story 4,2019,1h 40m,7.6,https://www.imdb.com/title/tt1979376/?ref_=sr_i_33,"When a new toy called ""Forky"" joins Woody and the gang, a road trip alongside old and new friends reveals how big the world can be for a toy.",,,,,,,,,
34. 3:10 to Yuma,2007,2h 2m,7.6,https://www.imdb.com/title/tt0381849/?ref_=sr_i_34,A small-time rancher agrees to hold a captured outlaw who's awaiting a train to go to court in Yuma. A battle of wills ensues as the outlaw tries to psych out the rancher.,,,,,,,,,
35. The Birds,1963,1h 59m,7.6,https://www.imdb.com/title/tt0056869/?ref_=sr_i_35,A wealthy San Francisco socialite pursues a potential boyfriend to a small Northern California town that slowly takes a turn for the bizarre when birds of all kinds suddenly begin to attack people.,,,,,,,,,
36. The Mitchells vs the Machines,2021,1h 54m,7.6,https://www.imdb.com/title/tt7979580/?ref_=sr_i_36,"A quirky, dysfunctional family's road trip is upended when they find themselves in the middle of the robot apocalypse and suddenly become humanity's unlikeliest last hope.",,,,,,,,,
37. Gone Baby Gone,2007,1h 54m,7.6,https://www.imdb.com/title/tt0452623/?ref_=sr_i_37,"Two Boston area detectives investigate a little girl's kidnapping, which ultimately turns into a crisis both professionally and personally.",,,,,,,,,
38. The Double Life of Véronique,1991,1h 38m,7.6,https://www.imdb.com/title/tt0101765/?ref_=sr_i_38,"Two parallel stories about two identical women; one living in Poland, the other in France. They don't know each other, but their lives are nevertheless profoundly connected.",,,,,,,,,
39. The Raid,2011,1h 41m,7.6,https://www.imdb.com/title/tt1899353/?ref_=sr_i_39,A S.W.A.T. team becomes trapped in a tenement run by a ruthless mobster and his army of killers and thugs.,,,,,,,,,
40. Ponyo,2008,1h 41m,7.6,https://www.imdb.com/title/tt0876563/?ref_=sr_i_40,"A five-year-old boy develops a relationship with Ponyo, a young goldfish princess who longs to become a human after falling in love with him.",,,,,,,,,
41. Run Lola Run,1998,1h 21m,7.6,https://www.imdb.com/title/tt0130827/?ref_=sr_i_41,"After a botched money delivery, Lola has 20 minutes to come up with 100,000 Deutschmarks.",,,,,,,,,
42. Belle de Jour,1967,1h 40m,7.6,https://www.imdb.com/title/tt0061395/?ref_=sr_i_42,A frigid young housewife decides to spend her midweek afternoons as a prostitute.,,,,,,,,,
43. The Last King of Scotland,2006,2h 3m,7.6,https://www.imdb.com/title/tt0455590/?ref_=sr_i_43,Based on the events of the brutal Ugandan dictator Idi Amin's regime as seen by his personal physician during the 1970s.,,,,,,,,,
44. Rushmore,1998,1h 33m,7.6,https://www.imdb.com/title/tt0128445/?ref_=sr_i_44,"A teenager at Rushmore Academy falls for a much older teacher and befriends a middle-aged industrialist. Later, he finds out that his love interest and his friend are having an affair, which prompts him to begin a vendetta.",,,,,,,,,
45. 21 Grams,2003,2h 4m,7.6,https://www.imdb.com/title/tt0315733/?ref_=sr_i_45,"A freak accident brings together a critically ill mathematician, a grieving mother, and a born-again ex-con.",,,,,,,,,
46. The Bridges of Madison County,1995,2h 15m,7.6,https://www.imdb.com/title/tt0112579/?ref_=sr_i_46,Photographer Robert Kincaid wanders into the life of housewife Francesca Johnson for four days in the 1960s.,,,,,,,,,
47. 50/50,2011,1h 40m,7.6,https://www.imdb.com/title/tt1306980/?ref_=sr_i_47,"Inspired by a true story, a comedy centered on a 27-year-old guy who learns of his cancer diagnosis and his subsequent struggle to beat the disease.",,,,,,,,,
48. Short Cuts,1993,3h 8m,7.6,https://www.imdb.com/title/tt0108122/?ref_=sr_i_48,The day-to-day lives of several suburban Los Angeles residents.,,,,,,,,,
49. Frost/Nixon,2008,2h 2m,7.6,https://www.imdb.com/title/tt0870111/?ref_=sr_i_49,A dramatic retelling of the post-Watergate television interviews between British talk-show host David Frost and former president Richard Nixon.,,,,,,,,,
50. The Little Prince,2015,1h 48m,7.6,https://www.imdb.com/title/tt1754656/?ref_=sr_i_50,"A little girl lives in a very grown-up world with her mother, who tries to prepare her for it. Her neighbor, the Aviator, introduces the girl to an extraordinary world where anything is possible, the world of the Little Prince.",,,,,,,,,
51. Control,2007,2h 2m,7.6,https://www.imdb.com/title/tt0421082/?ref_=sr_i_51,"A profile of Ian Curtis, the enigmatic singer of Joy Division whose personal, professional, and romantic troubles led him to die by suicide at the age of 23.",,,,,,,,,
52. Down by Law,1986,1h 47m,7.6,https://www.imdb.com/title/tt0090967/?ref_=sr_i_52,"Two men are framed and sent to jail, where they meet a murderer who helps them escape and leave the state.",,,,,,,,,
53. Zelig,1983,1h 19m,7.6,https://www.imdb.com/title/tt0086637/?ref_=sr_i_53,"""Documentary"" about a man who can look and act like whoever he's around, and meets various famous people.",,,,,,,,,
54. Wicked,2024,2h 40m,7.7,https://www.imdb.com/title/tt1262426/?ref_=sr_i_54,"Elphaba, a misunderstood young woman because of her green skin, and Galinda, a popular girl, become friends at Shiz University in the Land of Oz. After an encounter with the Wonderful Wizard of Oz, their friendship reaches a crossroads.",,,,,,,,,
55. Blue Velvet,1986,2h,7.7,https://www.imdb.com/title/tt0090756/?ref_=sr_i_55,"The discovery of a severed human ear found in a field leads a young man on an investigation related to a beautiful, mysterious nightclub singer and a group of psychopathic criminals who have kidnapped her child.",,,,,,,,,
56. Harry Potter and the Philosopher's Stone,2001,2h 32m,7.7,https://www.imdb.com/title/tt0241527/?ref_=sr_i_56,"An orphaned boy enrolls in a school of wizardry, where he learns the truth about himself, his family and the terrible evil that haunts the magical world.",,,,,,,,,
57. Mission: Impossible - Dead Reckoning Part One,2023,2h 43m,7.7,https://www.imdb.com/title/tt9603212/?ref_=sr_i_57,Ethan Hunt and his IMF team must track down a dangerous weapon before it falls into the wrong hands.,,,,,,,,,
58. The Goonies,1985,1h 54m,7.7,https://www.imdb.com/title/tt0089218/?ref_=sr_i_58,A group of young misfits called The Goonies discover an ancient map and set out on an adventure to find a legendary pirate's long-lost treasure.,,,,,,,,,
59. Sicario,2015,2h 1m,7.7,https://www.imdb.com/title/tt3397884/?ref_=sr_i_59,An idealistic FBI agent is enlisted by a government task force to aid in the escalating war against drugs at the border area between the U.S. and Mexico.,,,,,,,,,
60. Harry Potter and the Goblet of Fire,2005,2h 37m,7.7,https://www.imdb.com/title/tt0330373/?ref_=sr_i_60,"Harry Potter finds himself competing in a hazardous tournament between rival schools of magic, but he is distracted by recurring nightmares.",,,,,,,,,
61. Kingsman: The Secret Service,2014,2h 9m,7.7,https://www.imdb.com/title/tt2802144/?ref_=sr_i_61,"A spy organisation recruits a promising street kid into the agency's training program, while a global threat emerges from a twisted tech genius.",,,,,,,,,
62. Blue Is the Warmest Colour,2013,3h,7.7,https://www.imdb.com/title/tt2278871/?ref_=sr_i_62,"Adèle's life is changed when she meets Emma, a young woman with blue hair, who will allow her to discover desire and to assert herself as a woman and as an adult. In front of others, Adèle grows, seeks herself, loses herself, and ultimately finds herself through love and loss.",,,,,,,,,
63. Y tu mamá también,2001,1h 46m,7.7,https://www.imdb.com/title/tt0245574/?ref_=sr_i_63,"In Mexico, two teenage boys and an older woman embark on a road trip and learn a thing or two about life and each other.",,,,,,,,,
64. Zodiac,2007,2h 37m,7.7,https://www.imdb.com/title/tt0443706/?ref_=sr_i_64,"Between 1968 and 1983, a San Francisco cartoonist becomes an amateur detective obsessed with tracking down the Zodiac Killer, an unidentified individual who terrorizes Northern California with a killing spree.",,,,,,,,,
65. The Count of Monte Cristo,2002,2h 11m,7.7,https://www.imdb.com/title/tt0245844/?ref_=sr_i_65,"A young man, falsely imprisoned by his jealous ""friend"", escapes and uses a hidden treasure to exact his revenge.",,,,,,,,,
66. Wind River,2017,1h 47m,7.7,https://www.imdb.com/title/tt5362988/?ref_=sr_i_66,"A wildlife officer, who is haunted by a tragedy that happened because of him, teams up with an FBI agent in solving a murder of a young woman on a Wyoming Native American reservation and hopes to get redemption from his past regrets.",,,,,,,,,
67. The Hangover,2009,1h 40m,7.7,https://www.imdb.com/title/tt1119646/?ref_=sr_i_67,Three buddies wake up from a bachelor party in Las Vegas with no memory of the previous night and the bachelor missing. They must make their way around the city in order to find their friend in time for his wedding.,,,,,,,,,
68. Black Hawk Down,2001,2h 24m,7.7,https://www.imdb.com/title/tt0265086/?ref_=sr_i_68,"The story of 160 elite U.S. soldiers who dropped into Mogadishu in October 1993 to capture two top lieutenants of a renegade warlord, but found themselves in a desperate battle with a large force of heavily armed Somalis.",,,,,,,,,
69. The Boy in the Striped Pyjamas,2008,1h 34m,7.7,https://www.imdb.com/title/tt0914798/?ref_=sr_i_69,"Through the innocent eyes of Bruno, the eight-year-old son of the commandant at a German concentration camp, a forbidden friendship with a Jewish boy on the other side of the camp fence has startling and unexpected consequences.",,,,,,,,,
70. Home Alone,1990,1h 43m,7.7,https://www.imdb.com/title/tt0099785/?ref_=sr_i_70,"An eight-year-old troublemaker, mistakenly left home alone, must defend his home against a pair of burglars on Christmas Eve.",,,,,,,,,
71. Airplane!,1980,1h 28m,7.7,https://www.imdb.com/title/tt0080339/?ref_=sr_i_71,"After the crew becomes sick with food poisoning, a neurotic ex-fighter pilot must safely land a commercial airplane full of passengers.",,,,,,,,,
72. Godzilla Minus One,2023,2h 4m,7.7,https://www.imdb.com/title/tt23289160/?ref_=sr_i_72,"Post-war Japan is at its lowest point when a new crisis emerges in the form of a giant monster, baptized in the horrific power of the atomic bomb.",,,,,,,,,
73. A Few Good Men,1992,2h 18m,7.7,https://www.imdb.com/title/tt0104257/?ref_=sr_i_73,A military lawyer is tasked with defending two US Marines charged with murdering a fellow Marine and intends to prove they were only following their base commander's orders.,,,,,,,,,
74. 500 Days of Summer,2009,1h 35m,7.7,https://www.imdb.com/title/tt1022603/?ref_=sr_i_74,"After being dumped by the girl he believes to be his soulmate, hopeless romantic Tom Hansen reflects on their relationship to try and figure out where things went wrong and how he can win her back.",,,,,,,,,
75. Harry Potter and the Deathly Hallows: Part 1,2010,2h 26m,7.7,https://www.imdb.com/title/tt0926084/?ref_=sr_i_75,"Harry Potter is tasked with the dangerous and seemingly impossible task of locating and destroying Voldemort's remaining Horcruxes. Harry must rely on Ron and Hermione more than ever, but dark forces threaten to tear them apart.",,,,,,,,,
76. The French Connection,1971,1h 44m,7.7,https://www.imdb.com/title/tt0067116/?ref_=sr_i_76,"A pair of NYPD detectives in the Narcotics Bureau stumble onto a heroin smuggling ring based in Marseilles, but stopping them and capturing their leaders proves an elusive goal.",,,,,,,,,
77. Ex Machina,2014,1h 48m,7.7,https://www.imdb.com/title/tt0470752/?ref_=sr_i_77,A young programmer is selected to participate in a ground-breaking experiment in synthetic intelligence by evaluating the human qualities of a highly advanced humanoid A.I.,,,,,,,,,
78. Ocean's Eleven,2001,1h 56m,7.7,https://www.imdb.com/title/tt0240772/?ref_=sr_i_78,"Danny Ocean, a gangster, rounds up a gang of associates to stage a sophisticated and elaborate casino heist which involves robbing three Las Vegas casinos simultaneously during a popular boxing event.",,,,,,,,,
79. Silver Linings Playbook,2012,2h 2m,7.7,https://www.imdb.com/title/tt1045658/?ref_=sr_i_79,"After a stint in a mental institution, former teacher Pat Solitano moves back in with his parents and tries to reconcile with his ex-wife. Things get more challenging when Pat meets Tiffany, a mysterious girl with problems of her own.",,,,,,,,,
80. The Banshees of Inisherin,2022,1h 54m,7.7,https://www.imdb.com/title/tt11813216/?ref_=sr_i_80,"Two lifelong friends find themselves at an impasse when one abruptly ends their relationship, with alarming consequences for both of them.",,,,,,,,,
81. Mission: Impossible - Fallout,2018,2h 27m,7.7,https://www.imdb.com/title/tt4912910/?ref_=sr_i_81,"A group of terrorists plans to detonate three plutonium cores for a simultaneous nuclear attack on different cities. Ethan Hunt, along with his IMF team, sets out to stop the carnage.",,,,,,,,,
82. Captain America: The Winter Soldier,2014,2h 16m,7.7,https://www.imdb.com/title/tt1843866/?ref_=sr_i_82,"As Steve Rogers struggles to embrace his role in the modern world, he teams up with a fellow Avenger and S.H.I.E.L.D agent, Black Widow, to battle a new threat from history: an assassin known as the Winter Soldier.",,,,,,,,,
83. When Harry Met Sally,1989,1h 35m,7.7,https://www.imdb.com/title/tt0098635/?ref_=sr_i_83,"Harry and Sally have known each other for years, and are very good friends, but they fear sex would ruin the friendship.",,,,,,,,,
84. Tangled,2010,1h 40m,7.7,https://www.imdb.com/title/tt0398286/?ref_=sr_i_84,"The magically long-haired Rapunzel has spent her entire life in a tower, but now that a runaway thief has stumbled upon her, she is about to discover the world for the first time, and who she really is.",,,,,,,,,
85. Apollo 13,1995,2h 20m,7.7,https://www.imdb.com/title/tt0112384/?ref_=sr_i_85,NASA must devise a strategy to return Apollo 13 to Earth safely after the spacecraft undergoes massive internal damage putting the lives of the three astronauts on board in jeopardy.,,,,,,,,,
86. The Game,1997,2h 9m,7.7,https://www.imdb.com/title/tt0119174/?ref_=sr_i_86,"After a wealthy San Francisco banker is given an opportunity to participate in a mysterious game, his life is turned upside down as he begins to question if it might really be a concealed conspiracy to destroy him.",,,,,,,,,
87. Mulan,1998,1h 27m,7.7,https://www.imdb.com/title/tt0120762/?ref_=sr_i_87,"To save her father from death in the army, a young maiden secretly goes in his place and becomes one of China's greatest heroines in the process.",,,,,,,,,
88. Primal Fear,1996,2h 9m,7.7,https://www.imdb.com/title/tt0117381/?ref_=sr_i_88,"The murder of a high and mighty archbishop leads to the involvement of Martin Vail, Chicago's best attorney. As he studies the suspects, he becomes convinced of certain aspects, but there's more to the story than meets the eye.",,,,,,,,,
89. Lost in Translation,2003,1h 42m,7.7,https://www.imdb.com/title/tt0335266/?ref_=sr_i_89,A fading movie star falls for a lonely young woman in Tokyo.,,,,,,,,,
90. The Holy Mountain,1973,1h 54m,7.7,https://www.imdb.com/title/tt0071615/?ref_=sr_i_90,"In a corrupt, greed-fueled world, a powerful alchemist leads a messianic character and seven materialistic figures to the Holy Mountain, where they hope to achieve enlightenment.",,,,,,,,,
91. Taken,2008,1h 30m,7.7,https://www.imdb.com/title/tt0936501/?ref_=sr_i_91,"A retired CIA agent travels across Europe and relies on his old skills to save his estranged daughter, who has been kidnapped while on a trip to Paris.",,,,,,,,,
92. Crash,2004,1h 52m,7.7,https://www.imdb.com/title/tt0375679/?ref_=sr_i_92,"Los Angeles citizens with vastly separate lives collide in interweaving stories of race, loss and redemption.",,,,,,,,,
93. Brokeback Mountain,2005,2h 14m,7.7,https://www.imdb.com/title/tt0388795/?ref_=sr_i_93,"Two shepherds fall for each other, but their relationship becomes complicated when they both get married to their respective girlfriends.",,,,,,,,,
94. Argo,2012,2h,7.7,https://www.imdb.com/title/tt1024648/?ref_=sr_i_94,"Acting under the cover of a Hollywood producer scouting a location for a science fiction film, a CIA agent launches a dangerous operation to rescue six Americans in Tehran during the U.S. hostage crisis in Iran in 1979.",,,,,,,,,
95. The Worst Person in the World,2021,2h 8m,7.7,https://www.imdb.com/title/tt10370710/?ref_=sr_i_95,"The chronicles of four years in the life of Julie, a young woman who navigates the troubled waters of her love life and struggles to find her career path, leading her to take a realistic look at who she really is.",,,,,,,,,
96. X-Men: First Class,2011,2h 11m,7.7,https://www.imdb.com/title/tt1270798/?ref_=sr_i_96,"In the 1960s, superpowered humans Charles Xavier and Erik Lensherr work together to find others like them, but Erik's vengeful pursuit of an ambitious mutant who ruined his life causes a schism to divide them.",,,,,,,,,
"97. O Brother, Where Art Thou?",2000,1h 47m,7.7,https://www.imdb.com/title/tt0190590/?ref_=sr_i_97,"In the deep south during the 1930s, three escaped convicts search for hidden treasure while a relentless lawman pursues them.",,,,,,,,,
98. First Blood,1982,1h 33m,7.7,https://www.imdb.com/title/tt0083944/?ref_=sr_i_98,A veteran Green Beret is forced by a cruel Sheriff and his deputies to flee into the mountains and wage an escalating one-man war against his pursuers.,,,,,,,,,
99. Man on Fire,2004,2h 26m,7.7,https://www.imdb.com/title/tt0328107/?ref_=sr_i_99,"In Mexico City, a former CIA operative swears vengeance on those who committed an unspeakable act against the family he was hired to protect.",,,,,,,,,
100. Sense and Sensibility,1995,2h 16m,7.7,https://www.imdb.com/title/tt0114388/?ref_=sr_i_100,"Rich Mr. Dashwood dies, leaving his second wife and her three daughters poor by the rules of inheritance. The older two daughters are the title opposites.",,,,,,,,,
101. Birdman or (The Unexpected Virtue of Ignorance),2014,1h 59m,7.7,https://www.imdb.com/title/tt2562232/?ref_=sr_i_101,"A washed-up superhero actor attempts to revive his fading career by writing, directing, and starring in a Broadway production.",,,,,,,,,
102. The Magnificent Seven,1960,2h 8m,7.7,https://www.imdb.com/title/tt0054047/?ref_=sr_i_102,Seven gunfighters are hired by Mexican peasants to liberate their village from oppressive bandits.,,,,,,,,,
103. Another Round,2020,1h 57m,7.7,https://www.imdb.com/title/tt10288566/?ref_=sr_i_103,Four high-school teachers consume alcohol on a daily basis to see how it affects their social and professional lives.,,,,,,,,,
104. Gattaca,1997,1h 46m,7.7,https://www.imdb.com/title/tt0119177/?ref_=sr_i_104,"Vincent, an ""In-Valid"", assumes the identity of a member of the genetic elite to pursue his goal of traveling into space with the Gattaca Aerospace Corporation. However, a week before his mission, a murder marks Vincent as a suspect.",,,,,,,,,
105. Who Framed Roger Rabbit,1988,1h 44m,7.7,https://www.imdb.com/title/tt0096438/?ref_=sr_i_105,"When a cartoon rabbit is accused of murder, he enlists the help of a burnt out private investigator to prove his innocence.",,,,,,,,,
106. Gravity,2013,1h 31m,7.7,https://www.imdb.com/title/tt1454468/?ref_=sr_i_106,"Dr Ryan Stone, an engineer on her first space mission, and Matt Kowalski, an astronaut on his final expedition, have to survive in space after they are hit by debris while spacewalking.",,,,,,,,,
107. The Theory of Everything,2014,2h 3m,7.7,https://www.imdb.com/title/tt2980516/?ref_=sr_i_107,Stephen Hawking gets unprecedented success in the field of physics despite being diagnosed with motor neuron disease at the age of 21. He defeats awful odds as his first wife Jane aids him loyally.,,,,,,,,,
108. Blazing Saddles,1974,1h 33m,7.7,https://www.imdb.com/title/tt0071230/?ref_=sr_i_108,"In order to ruin a western town and steal their land, a corrupt politician appoints a black sheriff, who promptly becomes his most formidable adversary.",,,,,,,,,
109. Naked,1993,2h 11m,7.7,https://www.imdb.com/title/tt0107653/?ref_=sr_i_109,An unemployed Mancunian vents his rage on unsuspecting strangers as he embarks on a nocturnal London odyssey.,,,,,,,,,
110. The Conversation,1974,1h 53m,7.7,https://www.imdb.com/title/tt0071360/?ref_=sr_i_110,"A paranoid, secretive surveillance expert has a crisis of conscience when he suspects that the couple he is spying on will be murdered.",,,,,,,,,
111. Sound of Metal,2019,2h,7.7,https://www.imdb.com/title/tt5363618/?ref_=sr_i_111,"During a series of adrenaline-fueled gigs, itinerant punk-metal drummer Ruben begins to experience hearing loss. When a specialist tells him his condition will rapidly worsen, he thinks his music career - and with it his life - is over.",,,,,,,,,
112. The Promised Land,2023,2h 7m,7.7,https://www.imdb.com/title/tt20561198/?ref_=sr_i_112,"The story of Danish soldier and explorer Ludvig Kahlen, who explored and cultivated Denmark's wild Jutland, which now comprises the vast majority of the country, in the mid-18th century.",,,,,,,,,
113. The Bourne Supremacy,2004,1h 48m,7.7,https://www.imdb.com/title/tt0372183/?ref_=sr_i_113,"When Jason Bourne is framed for a CIA operation gone awry, he is forced to resume his former life as a trained assassin to survive.",,,,,,,,,
114. The Name of the Rose,1986,2h 10m,7.7,https://www.imdb.com/title/tt0091605/?ref_=sr_i_114,An intellectually nonconformist friar investigates a series of mysterious deaths in an isolated abbey.,,,,,,,,,
115. Empire of the Sun,1987,2h 33m,7.7,https://www.imdb.com/title/tt0092965/?ref_=sr_i_115,A young English boy struggles to survive under Japanese occupation of China during World War II.,,,,,,,,,
116. Wreck-It Ralph,2012,1h 41m,7.7,https://www.imdb.com/title/tt1772341/?ref_=sr_i_116,Ralph is tired of playing the role of a bad guy and embarks on a journey to become a video game hero. But he accidentally lets loose a deadly enemy that threatens the entire arcade.,,,,,,,,,
117. As Good as It Gets,1997,2h 19m,7.7,https://www.imdb.com/title/tt0119822/?ref_=sr_i_117,"A single mother and waitress, a misanthropic author, and a gay artist form an unlikely friendship after the artist is assaulted in a robbery.",,,,,,,,,
118. The Lego Movie,2014,1h 40m,7.7,https://www.imdb.com/title/tt1490017/?ref_=sr_i_118,"An ordinary LEGO construction worker, thought to be the prophesied as ""special"", is recruited to join a quest to stop an evil tyrant from gluing the LEGO universe into eternal stasis.",,,,,,,,,
119. Glengarry Glen Ross,1992,1h 40m,7.7,https://www.imdb.com/title/tt0104348/?ref_=sr_i_119,An examination of the machinations behind the scenes at a real estate office.,,,,,,,,,
120. Road to Perdition,2002,1h 57m,7.7,https://www.imdb.com/title/tt0257044/?ref_=sr_i_120,"A mob enforcer's son in 1930s Illinois witnesses a murder, forcing him and his father to take to the road, and his father down a path of redemption and revenge.",,,,,,,,,
121. Flipped,2010,1h 30m,7.7,https://www.imdb.com/title/tt0817177/?ref_=sr_i_121,"When Juli meets Bryce in the second grade, she knows it's true love. After spending six years trying to convince Bryce of the same, she's ready to give up--until he starts to reconsider.",,,,,,,,,
122. What's Eating Gilbert Grape,1993,1h 58m,7.7,https://www.imdb.com/title/tt0108550/?ref_=sr_i_122,A young man in a small Midwestern town struggles to care for his mentally-disabled younger brother and morbidly obese mother while attempting to pursue his own happiness.,,,,,,,,,
123. Halloween,1978,1h 31m,7.7,https://www.imdb.com/title/tt0077651/?ref_=sr_i_123,"Fifteen years after murdering his sister on Halloween night 1963, Michael Myers escapes from a mental hospital and returns to the small town of Haddonfield, Illinois, to kill again.",,,,,,,,,
124. Kung Fu Hustle,2004,1h 39m,7.7,https://www.imdb.com/title/tt0373074/?ref_=sr_i_124,"In Shanghai, China in the 1940s, a wannabe gangster aspires to join the notorious ""Axe Gang"" while residents of a housing complex exhibit extraordinary powers in defending their turf.",,,,,,,,,
125. Star Trek Into Darkness,2013,2h 12m,7.7,https://www.imdb.com/title/tt1408101/?ref_=sr_i_125,"After the crew of the Enterprise find an unstoppable force of terror from within their own organization, Captain Kirk leads a manhunt to a war-zone world to capture a one-man weapon of mass destruction.",,,,,,,,,
126. Donnie Brasco,1997,2h 7m,7.7,https://www.imdb.com/title/tt0119008/?ref_=sr_i_126,An FBI undercover agent infiltrates the mob and finds himself identifying more with the Mafia life--at the expense of his regular one.,,,,,,,,,
127. The Vanishing,1988,1h 47m,7.7,https://www.imdb.com/title/tt0096163/?ref_=sr_i_127,"Rex and Saskia, a young couple in love, are on vacation. They stop at a busy service station and Saskia is abducted. After three years and no sign of Saskia, Rex begins receiving letters from the abductor.",,,,,,,,,
128. Miller's Crossing,1990,1h 55m,7.7,https://www.imdb.com/title/tt0100150/?ref_=sr_i_128,"Tom Reagan, an advisor to a Prohibition-era crime boss, tries to keep the peace between warring mobs but gets caught in divided loyalties.",,,,,,,,,
129. Billy Elliot,2000,1h 50m,7.7,https://www.imdb.com/title/tt0249462/?ref_=sr_i_129,A talented young boy becomes torn between his unexpected love of dance and the disintegration of his family.,,,,,,,,,
130. Being John Malkovich,1999,1h 53m,7.7,https://www.imdb.com/title/tt0120601/?ref_=sr_i_130,A puppeteer discovers a portal that leads literally into the head of movie star John Malkovich.,,,,,,,,,
131. Detachment,2011,1h 38m,7.7,https://www.imdb.com/title/tt1683526/?ref_=sr_i_131,A substitute teacher who drifts from classroom to classroom finds a connection to the students and teachers during his latest assignment.,,,,,,,,,
132. Mr. Nobody,2009,2h 21m,7.7,https://www.imdb.com/title/tt0485947/?ref_=sr_i_132,"A boy stands on a station platform as a train is about to leave. Should he go with his mother or stay with his father? Infinite possibilities arise from this decision. As long as he doesn't choose, anything is possible.",,,,,,,,,
133. Adaptation.,2002,1h 55m,7.7,https://www.imdb.com/title/tt0268126/?ref_=sr_i_133,A lovelorn screenwriter becomes desperate as he tries and fails to adapt 'The Orchid Thief' by Susan Orlean for the screen.,,,,,,,,,
134. The Trial of the Chicago 7,2020,2h 9m,7.7,https://www.imdb.com/title/tt1070874/?ref_=sr_i_134,"The story of 7 people on trial stemming from various charges surrounding the uprising at the 1968 Democratic National Convention in Chicago, Illinois.",,,,,,,,,
135. Bonnie and Clyde,1967,1h 51m,7.7,https://www.imdb.com/title/tt0061418/?ref_=sr_i_135,"Bored waitress Bonnie Parker falls in love with an ex-con named Clyde Barrow and together they start a violent crime spree through the country, stealing cars and robbing banks.",,,,,,,,,
136. Philadelphia,1993,2h 5m,7.7,https://www.imdb.com/title/tt0107818/?ref_=sr_i_136,"When a man with HIV is fired by his law firm because of his condition, he hires a homophobic small-time lawyer as the only willing advocate for a wrongful dismissal suit.",,,,,,,,,
137. Happiness,1998,2h 14m,7.7,https://www.imdb.com/title/tt0147612/?ref_=sr_i_137,"The lives of several individuals intertwine as they go about their lives in their own unique ways, engaging in acts which society as a whole might find disturbing in a desperate search for human connection.",,,,,,,,,
138. Fried Green Tomatoes at the Whistle Stop Cafe,1991,2h 10m,7.7,https://www.imdb.com/title/tt0101921/?ref_=sr_i_138,"Evelyn, an ordinary housewife, visits a nursing home and befriends the old lady Ninny. Together, they bond over stories from the past about two intrepid women of Whistle Stop Cafe.",,,,,,,,,
139. Paprika,2006,1h 30m,7.7,https://www.imdb.com/title/tt0851578/?ref_=sr_i_139,"When a machine that allows therapists to enter their patients' dreams is stolen, all hell breaks loose. Only a young female therapist, Paprika, can stop it.",,,,,,,,,
140. The Innocents,1961,1h 40m,7.7,https://www.imdb.com/title/tt0055018/?ref_=sr_i_140,A young governess for two children becomes convinced that the house and grounds are haunted.,,,,,,,,,
141. Malcolm X,1992,3h 22m,7.7,https://www.imdb.com/title/tt0104797/?ref_=sr_i_141,"Biographical epic of the controversial and influential Black Nationalist leader, from his early life and career as a small-time gangster, to his ministry as a member of the Nation of Islam and his eventual assassination.",,,,,,,,,
142. Roma,2018,2h 15m,7.7,https://www.imdb.com/title/tt6155172/?ref_=sr_i_142,A year in the life of a middle-class family's maid in Mexico City in the early 1970s.,,,,,,,,,
143. Goldfinger,1964,1h 50m,7.7,https://www.imdb.com/title/tt0058150/?ref_=sr_i_143,"While investigating a gold magnate's smuggling, James Bond uncovers a plot to contaminate the Fort Knox gold reserve.",,,,,,,,,
144. The Color Purple,1985,2h 34m,7.7,https://www.imdb.com/title/tt0088939/?ref_=sr_i_144,"A tale spanning forty years in the life of Celie, an African-American woman living in the South who survives incredible abuse and bigotry.",,,,,,,,,
145. Changeling,2008,2h 21m,7.7,https://www.imdb.com/title/tt0824747/?ref_=sr_i_145,"After Christine's son goes missing, she reaches out to the LAPD to find him, but when they try to pass off an impostor as her son to quiet public protests, she refuses to accept him or give up hope.",,,,,,,,,
146. Me and Earl and the Dying Girl,2015,1h 45m,7.7,https://www.imdb.com/title/tt2582496/?ref_=sr_i_146,"High schooler Greg, who spends most of his time making parodies of classic movies with his co-worker Earl, finds his outlook forever altered after befriending a classmate who has just been diagnosed with cancer.",,,,,,,,,
147. The Great Beauty,2013,2h 21m,7.7,https://www.imdb.com/title/tt2358891/?ref_=sr_i_147,"Jep Gambardella has seduced his way through the lavish nightlife of Rome for decades, but after his 65th birthday and a shock from the past, Jep looks past the nightclubs and parties to find a timeless landscape of absurd, exquisite beauty.",,,,,,,,,
148. This Is England,2006,1h 41m,7.7,https://www.imdb.com/title/tt0480025/?ref_=sr_i_148,"A young boy becomes friends with a gang of skinheads. Friends soon become like family, and relationships will be pushed to the very limit.",,,,,,,,,
149. Lucky Number Slevin,2006,1h 50m,7.7,https://www.imdb.com/title/tt0425210/?ref_=sr_i_149,"A case of mistaken identity lands Slevin into the middle of a war being plotted by two of the city's most rival crime bosses. Under constant surveillance by Detective Brikowski and assassin Goodkat, he must get them before they get him.",,,,,,,,,
150. Dirty Harry,1971,1h 42m,7.7,https://www.imdb.com/title/tt0066999/?ref_=sr_i_150,"When a man calling himself ""the Scorpio Killer"" menaces San Francisco, tough-as-nails Police Inspector ""Dirty"" Harry Callahan is assigned to track down the crazed psychopath.",,,,,,,,,
151. Serpico,1973,2h 10m,7.7,https://www.imdb.com/title/tt0070666/?ref_=sr_i_151,An honest New York cop named Frank Serpico blows the whistle on rampant corruption in the force only to have his comrades turn against him.,,,,,,,,,
152. The Last Emperor,1987,2h 43m,7.7,https://www.imdb.com/title/tt0093389/?ref_=sr_i_152,Bernardo Bertolucci's Oscar-winning dramatization of China's eleventh and final monarch of the Qing dynasty: Emperor Puyi.,,,,,,,,,
153. Star Trek II: The Wrath of Khan,1982,1h 53m,7.7,https://www.imdb.com/title/tt0084726/?ref_=sr_i_153,"With the assistance of the Enterprise crew, Admiral Kirk must stop an old nemesis, Khan Noonien Singh, from using the life-generating Genesis Device as the ultimate weapon.",,,,,,,,,
154. Clerks,1994,1h 32m,7.7,https://www.imdb.com/title/tt0109445/?ref_=sr_i_154,"A day in the lives of two convenience clerks named Dante and Randal as they annoy customers, discuss movies, and play hockey on the store roof.",,,,,,,,,
155. Days of Heaven,1978,1h 34m,7.7,https://www.imdb.com/title/tt0077405/?ref_=sr_i_155,A hot-tempered farm laborer convinces the woman he loves to marry their rich but dying boss so that they can have a claim to his fortune.,,,,,,,,,
156. Ray,2004,2h 32m,7.7,https://www.imdb.com/title/tt0350258/?ref_=sr_i_156,"The story of the life and career of the legendary rhythm and blues musician Ray Charles, from his humble beginnings in the South, where he went blind at age seven, to his meteoric rise to stardom during the 1950s and 1960s.",,,,,,,,,
157. The Man from Nowhere,2010,1h 59m,7.7,https://www.imdb.com/title/tt1527788/?ref_=sr_i_157,A quiet pawnshop keeper with a violent past takes on a drug-and-organ trafficking ring in hope of saving the child who is his only friend.,,,,,,,,,
158. Mother,2009,2h 9m,7.7,https://www.imdb.com/title/tt1216496/?ref_=sr_i_158,A mother desperately searches for the killer who framed her son for a girl's horrific murder.,,,,,,,,,
159. A Man Called Ove,2015,1h 56m,7.7,https://www.imdb.com/title/tt4080728/?ref_=sr_i_159,"Ove, an ill-tempered, isolated retiree who spends his days enforcing block association rules and visiting his wife's grave, has finally given up on life just as an unlikely friendship develops with his boisterous new neighbors.",,,,,,,,,
160. Sorcerer,1977,2h 1m,7.7,https://www.imdb.com/title/tt0076740/?ref_=sr_i_160,Four unfortunate men from different parts of the globe agree to risk their lives transporting gallons of nitroglycerin across dangerous Latin American jungle.,,,,,,,,,
161. My Fair Lady,1964,2h 50m,7.7,https://www.imdb.com/title/tt0058385/?ref_=sr_i_161,"In 1910s London, snobbish phonetics professor Henry Higgins agrees to a wager that he can make a crude flower girl, Eliza Doolittle, presentable in high society.",,,,,,,,,
162. Kubo and the Two Strings,2016,1h 41m,7.7,https://www.imdb.com/title/tt4302938/?ref_=sr_i_162,A young boy named Kubo must locate a magical suit of armour worn by his late father in order to defeat a vengeful spirit from the past.,,,,,,,,,
163. The Dirty Dozen,1967,2h 30m,7.7,https://www.imdb.com/title/tt0061578/?ref_=sr_i_163,"During World War II, a rebellious U.S. Army Major is assigned a dozen convicted murderers to train and lead them into a mass assassination mission of German officers.",,,,,,,,,
164. Ordinary People,1980,2h 4m,7.7,https://www.imdb.com/title/tt0081283/?ref_=sr_i_164,"The accidental death of the older son of an affluent family deeply strains the relationships among the bitter mother, the good-natured father and the guilt-ridden younger son.",,,,,,,,,
165. The Verdict,1982,2h 9m,7.7,https://www.imdb.com/title/tt0084855/?ref_=sr_i_165,"An outcast, alcoholic Boston lawyer sees the chance to salvage his career and self-respect by taking a medical malpractice case to trial rather than settling.",,,,,,,,,
166. Black Narcissus,1947,1h 41m,7.7,https://www.imdb.com/title/tt0039192/?ref_=sr_i_166,"A group of nuns struggle to establish a convent in the Himalayas, while isolation, extreme weather, altitude, and culture clashes all conspire to drive the well-intentioned missionaries mad.",,,,,,,,,
167. Evil Dead II,1987,1h 24m,7.7,https://www.imdb.com/title/tt0092991/?ref_=sr_i_167,"Ash Williams, the lone survivor of an earlier onslaught of flesh-possessing spirits, holes up in a cabin with a group of strangers while the demons continue their attack.",,,,,,,,,
168. Black Book,2006,2h 25m,7.7,https://www.imdb.com/title/tt0389557/?ref_=sr_i_168,"In the Nazi-occupied Netherlands during World War II, a Jewish singer infiltrates the regional Gestapo headquarters for the Dutch resistance. Things get complicated when she falls for the enemy.",,,,,,,,,
169. Badlands,1973,1h 34m,7.7,https://www.imdb.com/title/tt0069762/?ref_=sr_i_169,"An impressionable teenage girl from a dead-end town, and her older greaser boyfriend, embark on a killing spree in the South Dakota Badlands.",,,,,,,,,
170. Porco Rosso,1992,1h 34m,7.7,https://www.imdb.com/title/tt0104652/?ref_=sr_i_170,"In 1930s Italy, a veteran World War I pilot is cursed to look like an anthropomorphic pig.",,,,,,,,,
171. Open Your Eyes,1997,1h 59m,7.7,https://www.imdb.com/title/tt0125659/?ref_=sr_i_171,"A very handsome man finds the love of his life, but he suffers an accident and needs to have his face rebuilt by surgery after it is severely disfigured.",,,,,,,,,
172. Beasts of No Nation,2015,2h 17m,7.7,https://www.imdb.com/title/tt1365050/?ref_=sr_i_172,"A drama based on the experiences of Agu, a child soldier fighting in the civil war of an unnamed African country.",,,,,,,,,
173. The Day the Earth Stood Still,1951,1h 32m,7.7,https://www.imdb.com/title/tt0043456/?ref_=sr_i_173,"An alien lands in Washington, D.C. and tells the people of Earth that they must live peacefully or be destroyed as a danger to other planets.",,,,,,,,,
174. The Motorcycle Diaries,2004,2h 6m,7.7,https://www.imdb.com/title/tt0318462/?ref_=sr_i_174,"Ernesto Guevara de la Serna, popularly known as Che, along with his friend Alberto Granado, decides to take a road trip across South America. His experiences on the journey transform him.",,,,,,,,,
"175. South Park: Bigger, Longer & Uncut",1999,1h 21m,7.7,https://www.imdb.com/title/tt0158983/?ref_=sr_i_175,"When Stan Marsh and his friends go see an R-rated movie, they start cursing and their parents think that Canada is to blame.",,,,,,,,,
176. Hamlet,1996,4h 2m,7.7,https://www.imdb.com/title/tt0116477/?ref_=sr_i_176,"Hamlet, Prince of Denmark, returns home to find his father murdered and his mother remarrying the murderer, his uncle. Meanwhile, war is brewing.",,,,,,,,,
177. Fantasia,1940,2h 4m,7.7,https://www.imdb.com/title/tt0032455/?ref_=sr_i_177,"A series of eight famous pieces of classical music, conducted by Leopold Stokowski and interpreted in animation by Walt Disney's team of artists.",,,,,,,,,
178. Finding Neverland,2004,1h 46m,7.7,https://www.imdb.com/title/tt0308644/?ref_=sr_i_178,The story of Sir J.M. Barrie's friendship with a family who inspired him to create Peter Pan.,,,,,,,,,
179. The Lady Vanishes,1938,1h 36m,7.7,https://www.imdb.com/title/tt0030341/?ref_=sr_i_179,"While travelling in continental Europe, a rich young playgirl realizes that an elderly lady seems to have disappeared from the train.",,,,,,,,,
180. Nebraska,2013,1h 55m,7.7,https://www.imdb.com/title/tt1821549/?ref_=sr_i_180,"An aging, booze-addled father makes the trip from Montana to Nebraska with his estranged son in order to claim a million-dollar Mega Sweepstakes Marketing prize.",,,,,,,,,
181. Zulu,1964,2h 18m,7.7,https://www.imdb.com/title/tt0058777/?ref_=sr_i_181,Outnumbered British soldiers do battle with Zulu warriors at Rorke's Drift.,,,,,,,,,
182. Breathless,1960,1h 30m,7.7,https://www.imdb.com/title/tt0053472/?ref_=sr_i_182,"A small-time crook, hunted by the authorities for a car theft and the murder of a police officer, attempts to persuade a hip American journalism student to run away with him to Italy.",,,,,,,,,
183. Waking Life,2001,1h 39m,7.7,https://www.imdb.com/title/tt0243017/?ref_=sr_i_183,A man shuffles through a dream meeting various people and discussing the meanings and purposes of the universe.,,,,,,,,,
184. Never Look Away,2018,3h 9m,7.7,https://www.imdb.com/title/tt5311542/?ref_=sr_i_184,"German artist Kurt Barnert has escaped East Germany and now lives in West Germany, but is tormented by his childhood under the Nazis and the GDR-regime.",,,,,,,,,
185. The Magdalene Sisters,2002,1h 54m,7.7,https://www.imdb.com/title/tt0318411/?ref_=sr_i_185,Three young Irish women struggle to maintain their spirits while they endure dehumanizing abuse as inmates of a Magdalene Sisters Asylum.,,,,,,,,,
186. The Longest Day,1962,2h 58m,7.7,https://www.imdb.com/title/tt0056197/?ref_=sr_i_186,"The events of D-Day, told on a grand scale from both the Allied and German points of view.",,,,,,,,,
187. A Man for All Seasons,1966,2h,7.7,https://www.imdb.com/title/tt0060665/?ref_=sr_i_187,"The story of Sir Thomas More, who stood up to King Henry VIII when the King rejected the Roman Catholic Church to obtain a divorce and remarry.",,,,,,,,,
188. Good Bye Lenin!,2003,2h 1m,7.7,https://www.imdb.com/title/tt0301357/?ref_=sr_i_188,"In 1990, to protect his fragile mother from a fatal shock after a long coma, a young man must keep her from learning that her beloved nation of East Germany as she knew it has disappeared.",,,,,,,,,
189. Red River,1948,2h 13m,7.7,https://www.imdb.com/title/tt0040724/?ref_=sr_i_189,"Dunson leads a cattle drive, the culmination of over 14 years of work, to its destination in Missouri. But his tyrannical behavior along the way causes a mutiny, led by his adopted son.",,,,,,,,,
190. Dreams,1990,1h 59m,7.7,https://www.imdb.com/title/tt0100998/?ref_=sr_i_190,A collection of tales based upon eight of director Akira Kurosawa's recurring dreams.,,,,,,,,,
191. Fantastic Planet,1973,1h 12m,7.7,https://www.imdb.com/title/tt0070544/?ref_=sr_i_191,"On a faraway planet where blue giants rule, oppressed humanoids rebel against their machine-like leaders.",,,,,,,,,
192. Night on Earth,1991,2h 9m,7.7,https://www.imdb.com/title/tt0102536/?ref_=sr_i_192,An anthology of 5 different cab drivers in 5 American and European cities and their remarkable fares on the same eventful night.,,,,,,,,,
193. The Man Who Would Be King,1975,2h 9m,7.7,https://www.imdb.com/title/tt0073341/?ref_=sr_i_193,"In 1880s India, two former British soldiers decide to set themselves up as Kings in Kafiristan, a land where no white man has set foot since Alexander the Great.",,,,,,,,,
194. Joint Security Area,2000,1h 50m,7.7,https://www.imdb.com/title/tt0260991/?ref_=sr_i_194,"After a shooting incident at the North-South Korean border DMZ leaves two North Korean soldiers dead, a neutral Swiss and Swedish team investigates what actually happened.",,,,,,,,,
195. The African Queen,1951,1h 45m,7.7,https://www.imdb.com/title/tt0043265/?ref_=sr_i_195,"In WWI East Africa, a gin-swilling Canadian riverboat captain is persuaded by a strait-laced English missionary to undertake a trip up a treacherous river and use his boat to attack a German gunship.",,,,,,,,,
196. Evil,2003,1h 53m,7.7,https://www.imdb.com/title/tt0338309/?ref_=sr_i_196,"A teenage boy expelled from school for fighting arrives at a boarding school where the systematic bullying of younger students is encouraged as a means to maintain discipline, and decides to fight back.",,,,,,,,,
197. Perfect Strangers,2016,1h 36m,7.7,https://www.imdb.com/title/tt4901306/?ref_=sr_i_197,"Seven long-time friends meet for dinner. They decide to share their text messages, emails and phone calls. Secrets are unveiled. Harmony trembles.",,,,,,,,,
198. Hard Boiled,1992,2h 8m,7.7,https://www.imdb.com/title/tt0104684/?ref_=sr_i_198,A tough-as-nails cop teams up with an undercover agent to shut down a sinister mobster and his crew.,,,,,,,,,
199. The Killer,1989,1h 51m,7.7,https://www.imdb.com/title/tt0097202/?ref_=sr_i_199,A disillusioned assassin accepts one last hit in hopes of using his earnings to restore the vision of a singer he accidentally blinded.,,,,,,,,,
200. Scarface,1932,1h 33m,7.7,https://www.imdb.com/title/tt0023427/?ref_=sr_i_200,"An ambitious and nearly insane violent gangster climbs the ladder of success in the mob, but his weaknesses prove to be his downfall.",,,,,,,,,
201. How Green Was My Valley,1941,1h 58m,7.7,https://www.imdb.com/title/tt0033729/?ref_=sr_i_201,"At the turn of the century in a Welsh mining village, the Morgans, he stern, she gentle, raise coal-mining sons and hope their youngest will find a better life.",,,,,,,,,
202. Hedwig and the Angry Inch,2001,1h 35m,7.7,https://www.imdb.com/title/tt0248845/?ref_=sr_i_202,A gender-queer punk-rock singer from East Berlin tours the U.S. with her band as she tells her life story and follows the former lover/band-mate who stole her songs.,,,,,,,,,
203. Taste of Cherry,1997,1h 35m,7.7,https://www.imdb.com/title/tt0120265/?ref_=sr_i_203,An Iranian man drives his car in search of someone who will quietly bury him under a cherry tree after he commits suicide.,,,,,,,,,
204. Adam's Apples,2005,1h 34m,7.7,https://www.imdb.com/title/tt0418455/?ref_=sr_i_204,A neo-Nazi sentenced to community service at a church clashes with the blindly devoted minister.,,,,,,,,,
205. The Breadwinner,2017,1h 34m,7.7,https://www.imdb.com/title/tt3901826/?ref_=sr_i_205,"In 2001, Afghanistan is under the control of the Taliban. When her father is captured, a determined young girl disguises herself as a boy in order to provide for her family.",,,,,,,,,
206. Invasion of the Body Snatchers,1956,1h 20m,7.7,https://www.imdb.com/title/tt0049366/?ref_=sr_i_206,A small-town doctor learns that the population of his community is being replaced by emotionless alien duplicates.,,,,,,,,,
207. Wait Until Dark,1967,1h 48m,7.7,https://www.imdb.com/title/tt0062467/?ref_=sr_i_207,A recently blinded woman is terrorized by a trio of thugs while they search for a heroin-stuffed doll they believe is in her apartment.,,,,,,,,,
208. The Broken Circle Breakdown,2012,1h 51m,7.7,https://www.imdb.com/title/tt2024519/?ref_=sr_i_208,"Elise and Didier fall in love at first sight, in spite of their differences. He talks, she listens. He's a romantic atheist, she's a religious realist. When their daughter becomes seriously ill, their love is put on trial.",,,,,,,,,
209. My Darling Clementine,1946,1h 37m,7.7,https://www.imdb.com/title/tt0038762/?ref_=sr_i_209,"After their cattle are stolen and their brother murdered, the Earp brothers have a score to settle with the Clanton family.",,,,,,,,,
210. The Salesman,2016,2h 4m,7.7,https://www.imdb.com/title/tt5186714/?ref_=sr_i_210,"While Ranaa and Emad, a married couple, are participating in a production of ""Death of a Salesman,"" she is assaulted in their new home, which leaves him determined to find the perpetrator over his wife's traumatized objections.",,,,,,,,,
211. L'Avventura,1960,2h 24m,7.7,https://www.imdb.com/title/tt0053619/?ref_=sr_i_211,"A woman disappears during a Mediterranean boating trip. During the search, her lover and her best friend become attracted to each other.",,,,,,,,,
212. Das Experiment,2001,2h,7.7,https://www.imdb.com/title/tt0250258/?ref_=sr_i_212,"For two weeks, 20 male participants are hired to play prisoners and guards in a prison. The ""prisoners"" have to follow seemingly mild rules, and the ""guards"" are told to retain order without using physical violence.",,,,,,,,,
213. Key Largo,1948,1h 40m,7.7,https://www.imdb.com/title/tt0040506/?ref_=sr_i_213,"A drifter visits the family hotel of a war buddy who was killed in action only to find that a Chicago mobster and his gang have taken over the place. As a hurricane approaches, a confrontation ensues.",,,,,,,,,
214. Duck Soup,1933,1h 9m,7.7,https://www.imdb.com/title/tt0023969/?ref_=sr_i_214,"Rufus T. Firefly is named the dictator of bankrupt Freedonia and declares war on neighboring Sylvania over the love of his wealthy backer Mrs. Teasdale, contending with two inept spies who can't seem to keep straight which side they're on.",,,,,,,,,
215. The Triplets of Belleville,2003,1h 20m,7.7,https://www.imdb.com/title/tt0286244/?ref_=sr_i_215,"When her grandson is kidnapped during the Tour de France, Madame Souza and her beloved pooch Bruno team up with the Belleville Sisters--an aged song-and-dance team from the days of Fred Astaire--to rescue him.",,,,,,,,,
216. Cape Fear,1962,1h 46m,7.7,https://www.imdb.com/title/tt0055824/?ref_=sr_i_216,A lawyer's family is stalked by a man he once helped put in jail.,,,,,,,,,
217. The Girl Who Leapt Through Time,2006,1h 38m,7.7,https://www.imdb.com/title/tt0808506/?ref_=sr_i_217,"A high-school girl named Makoto acquires the power to travel back in time, and decides to use it for her own personal benefits. Little does she know that she is affecting the lives of others just as much as she is her own.",,,,,,,,,
218. The Purple Rose of Cairo,1985,1h 22m,7.7,https://www.imdb.com/title/tt0089853/?ref_=sr_i_218,"In 1935 New Jersey, a movie character walks off the screen and into the real world.",,,,,,,,,
219. Jules and Jim,1962,1h 45m,7.7,https://www.imdb.com/title/tt0055032/?ref_=sr_i_219,Decades of a love triangle concerning two friends and an impulsive woman.,,,,,,,,,
220. The Edge of Heaven,2007,1h 56m,7.7,https://www.imdb.com/title/tt0880502/?ref_=sr_i_220,A Turkish man travels to Istanbul to find the daughter of his father's former girlfriend.,,,,,,,,,
221. The Past,2013,2h 10m,7.7,https://www.imdb.com/title/tt2404461/?ref_=sr_i_221,"An Iranian man deserts his French wife and her two children to return to his homeland. Meanwhile, his wife starts up a new relationship, a reality her husband confronts upon his wife's request for a divorce.",,,,,,,,,
222. Vicky Donor,2012,2h 6m,7.7,https://www.imdb.com/title/tt2317337/?ref_=sr_i_222,"A man is brought in by an infertility doctor to supply him with his sperm, where he becomes the biggest sperm donor for his clinic.",,,,,,,,,
223. Anora,2024,2h 19m,7.8,https://www.imdb.com/title/tt28607951/?ref_=sr_i_223,"A young escort from Brooklyn meets and impulsively marries the son of a Russian oligarch. Once the news reaches Russia, her fairy tale is threatened as his parents set out for New York to get the marriage annulled.",,,,,,,,,
224. Nosferatu: A Symphony of Horror,1922,1h 34m,7.8,https://www.imdb.com/title/tt0013442/?ref_=sr_i_224,Vampire Count Orlok expresses interest in a new residence and real estate agent Hutter's wife.,,,,,,,,,
225. Poor Things,2023,2h 21m,7.8,https://www.imdb.com/title/tt14230458/?ref_=sr_i_225,"An account of the fantastical evolution of Bella Baxter, a young woman brought back to life by the brilliant and unorthodox scientist Dr. Godwin Baxter.",,,,,,,,,
226. The Batman,2022,2h 56m,7.8,https://www.imdb.com/title/tt1877830/?ref_=sr_i_226,"When a sadistic serial killer begins murdering key political figures in Gotham, the Batman is forced to investigate the city's hidden corruption and question his family's involvement.",,,,,,,,,
227. The Gentlemen,2019,1h 53m,7.8,https://www.imdb.com/title/tt8367814/?ref_=sr_i_227,"An American expat tries to sell off his highly profitable marijuana empire in London, triggering plots, schemes, bribery and blackmail in an attempt to steal his domain out from under him.",,,,,,,,,
228. Apocalypto,2006,2h 19m,7.8,https://www.imdb.com/title/tt0472043/?ref_=sr_i_228,"As the Mayan kingdom faces its decline, a young man is taken on a perilous journey to a world ruled by fear and oppression.",,,,,,,,,
229. Everything Everywhere All at Once,2022,2h 19m,7.8,https://www.imdb.com/title/tt6710474/?ref_=sr_i_229,A middle-aged Chinese immigrant is swept up into an insane adventure in which she alone can save existence by exploring other universes and connecting with the lives she could have led.,,,,,,,,,
230. Call Me by Your Name,2017,2h 12m,7.8,https://www.imdb.com/title/tt5726616/?ref_=sr_i_230,"It's the summer of 1983, and 17-year-old Elio is spending the days with his family at their villa in Lombardy, Italy. He soon meets Oliver, who's working as an intern for Elio's father. They discover the heady beauty of awakening desire.",,,,,,,,,
231. Pride & Prejudice,2005,2h 9m,7.8,https://www.imdb.com/title/tt0414387/?ref_=sr_i_231,"Sparks fly when spirited Elizabeth Bennet meets single, rich, and proud Mr. Darcy. But Mr. Darcy reluctantly finds himself falling in love with a woman beneath his class. Can each overcome their own pride and prejudice?",,,,,,,,,
232. The Notebook,2004,2h 3m,7.8,https://www.imdb.com/title/tt0332280/?ref_=sr_i_232,An elderly man reads to a woman with dementia the story of two young lovers whose romance is threatened by the difference in their respective social classes.,,,,,,,,,
233. The Hateful Eight,2015,2h 48m,7.8,https://www.imdb.com/title/tt3460252/?ref_=sr_i_233,"In the dead of a Wyoming winter, a bounty hunter and his prisoner find shelter in a cabin currently inhabited by a collection of nefarious characters.",,,,,,,,,
234. The Social Network,2010,2h,7.8,https://www.imdb.com/title/tt1285016/?ref_=sr_i_234,"As Harvard student Mark Zuckerberg creates the social networking site that would become known as Facebook, he is sued by the twins who claimed he stole their idea and by the co-founder who was later squeezed out of the business.",,,,,,,,,
235. Little Women,2019,2h 15m,7.8,https://www.imdb.com/title/tt3281548/?ref_=sr_i_235,"19th century Massachusetts. While the March sisters - Jo, Meg, Amy, and Beth - enter the threshold of womanhood, they go through many ups and downs in life and endeavor to make important decisions that can affect their future.",,,,,,,,,
236. Tombstone,1993,2h 10m,7.8,https://www.imdb.com/title/tt0108358/?ref_=sr_i_236,"A successful lawman's plans to retire anonymously in Tombstone, Arizona, are disrupted by the kind of outlaws he was famous for eliminating.",,,,,,,,,
237. Get Out,2017,1h 44m,7.8,https://www.imdb.com/title/tt5052448/?ref_=sr_i_237,"A young African-American visits his white girlfriend's parents for the weekend, where his simmering uneasiness about their reception of him eventually reaches a boiling point.",,,,,,,,,
238. The Hobbit: An Unexpected Journey,2012,2h 49m,7.8,https://www.imdb.com/title/tt0903624/?ref_=sr_i_238,"A reluctant Hobbit, Bilbo Baggins, sets out to the Lonely Mountain with a spirited group of dwarves to reclaim their mountain home and the gold within it from the dragon Smaug.",,,,,,,,,
239. The Big Short,2015,2h 10m,7.8,https://www.imdb.com/title/tt1596363/?ref_=sr_i_239,"In 2006-2007 a group of investors bet against the United States mortgage market. In their research, they discover how flawed and corrupt the market is.",,,,,,,,,
240. Awakenings,1990,2h 1m,7.8,https://www.imdb.com/title/tt0099077/?ref_=sr_i_240,Dr. Sayer is a pioneering neurologist who wants to take a risk and give his patients who suffer from encephalitis a drug used for Parkinson's Disease. He tries it out on one man who miraculously wakes from his perpetual catatonic state.,,,,,,,,,
241. Atonement,2007,2h 3m,7.8,https://www.imdb.com/title/tt0783233/?ref_=sr_i_241,Thirteen-year-old fledgling writer Briony Tallis irrevocably changes the course of several lives when she accuses her older sister's lover of a crime he did not commit.,,,,,,,,,
242. The Irishman,2019,3h 29m,7.8,https://www.imdb.com/title/tt1302006/?ref_=sr_i_242,"An illustration of Frank Sheeran's life, from W.W.II veteran to hit-man for the Bufalino crime family and his alleged assassination of his close friend Jimmy Hoffa.",,,,,,,,,
243. All Quiet on the Western Front,2022,2h 28m,7.8,https://www.imdb.com/title/tt1016150/?ref_=sr_i_243,A young German soldier's terrifying experiences and distress on the western front during World War I.,,,,,,,,,
244. The Day of the Jackal,1973,2h 23m,7.8,https://www.imdb.com/title/tt0069947/?ref_=sr_i_244,"In the aftermath of France allowing Algeria's independence, a group of resentful military veterans hire a professional assassin codenamed ""Jackal"" to kill President Charles de Gaulle.",,,,,,,,,
245. Hidden Figures,2016,2h 7m,7.8,https://www.imdb.com/title/tt4846340/?ref_=sr_i_245,"Three female African-American mathematicians play a pivotal role in astronaut John Glenn's launch into orbit. Meanwhile, they also have to deal with racial and gender discrimination at work.",,,,,,,,,
246. Predator,1987,1h 47m,7.8,https://www.imdb.com/title/tt0093773/?ref_=sr_i_246,A team of commandos on a mission in a Central American jungle find themselves hunted by an extraterrestrial warrior.,,,,,,,,,
247. Rogue One,2016,2h 13m,7.8,https://www.imdb.com/title/tt3748528/?ref_=sr_i_247,"In a time of conflict, a group of unlikely heroes band together on a mission to steal the plans to the Death Star, the Empire's ultimate weapon of destruction.",,,,,,,,,
248. Little Miss Sunshine,2006,1h 41m,7.8,https://www.imdb.com/title/tt0449059/?ref_=sr_i_248,A family determined to get their young daughter into the finals of a beauty pageant take a cross-country trip in their VW bus.,,,,,,,,,
249. Drive,2011,1h 40m,7.8,https://www.imdb.com/title/tt0780504/?ref_=sr_i_249,A mysterious Hollywood action film stuntman gets in trouble with gangsters when he tries to help his neighbor's husband rob a pawn shop while serving as his getaway driver.,,,,,,,,,
250. Dunkirk,2017,1h 46m,7.8,https://www.imdb.com/title/tt5013056/?ref_=sr_i_250,"Allied soldiers from Belgium, the British Commonwealth and Empire, and France are surrounded by the German Army and evacuated during a fierce battle in World War II.",,,,,,,,,
251. I Saw the Devil,2010,2h 24m,7.8,https://www.imdb.com/title/tt1588170/?ref_=sr_i_251,A secret agent exacts revenge on a serial killer through a series of captures and releases.,,,,,,,,,
252. The Breakfast Club,1985,1h 37m,7.8,https://www.imdb.com/title/tt0088847/?ref_=sr_i_252,Five high school students meet in Saturday detention and discover how they have a great deal more in common than they thought.,,,,,,,,,
253. Past Lives,2023,1h 45m,7.8,https://www.imdb.com/title/tt13238346/?ref_=sr_i_253,"Nora and Hae Sung, two deeply connected childhood friends, are wrested apart after Nora's family emigrates from South Korea. Twenty years later, they are reunited for one fateful week as they confront notions of love and destiny.",,,,,,,,,
254. Ferris Bueller's Day Off,1986,1h 43m,7.8,https://www.imdb.com/title/tt0091042/?ref_=sr_i_254,"A brash, cocky high school senior, tired of skipping school to spend a boring day at home, is determined to enjoy an epic day roaring around his favorite Chicago sites, enlisting his best friend and girlfriend to join him on the adventure.",,,,,,,,,
255. Society of the Snow,2023,2h 24m,7.8,https://www.imdb.com/title/tt16277242/?ref_=sr_i_255,The flight of a rugby team crashes on a glacier in the Andes. The few passengers who survive the crash find themselves in one of the world's toughest environments to survive.,,,,,,,,,
256. Paddington 2,2017,1h 43m,7.8,https://www.imdb.com/title/tt4468740/?ref_=sr_i_256,"Paddington, now happily settled with the Brown family and a popular member of the local community, picks up a series of odd jobs to buy the perfect present for his Aunt Lucy's 100th birthday, only for the gift to be stolen.",,,,,,,,,
257. The Fall,2006,1h 57m,7.8,https://www.imdb.com/title/tt0460791/?ref_=sr_i_257,"In 1920s Los Angeles, a bedridden patient in a hospital captivates a young girl with a fantastic tale of heroes, myths, and villains on a desert island.",,,,,,,,,
258. Star Wars: Episode VII - The Force Awakens,2015,2h 18m,7.8,https://www.imdb.com/title/tt2488496/?ref_=sr_i_258,"As a new threat to the galaxy rises, Rey, a desert scavenger, and Finn, an ex-stormtrooper, must join Han Solo and Chewbacca to search for the one hope of restoring peace.",,,,,,,,,
259. About Time,2013,2h 3m,7.8,https://www.imdb.com/title/tt2194499/?ref_=sr_i_259,"At the age of 21, Tim discovers he can travel in time and change what happens and has happened in his own life. His decision to make his world a better place by getting a girlfriend turns out not to be as easy as you might think.",,,,,,,,,
260. Training Day,2001,2h 2m,7.8,https://www.imdb.com/title/tt0139654/?ref_=sr_i_260,A rookie cop spends his first day as a Los Angeles narcotics officer with a rogue detective who isn't what he appears to be.,,,,,,,,,
261. The Curious Case of Benjamin Button,2008,2h 46m,7.8,https://www.imdb.com/title/tt0421715/?ref_=sr_i_261,"Benjamin Button, born in 1918 with the physical state of an elderly man, ages in reverse. He experiences love and break-ups, ecstasy and sorrow, and timelessness by the time he dies in 2003 as a baby.",,,,,,,,,
262. Captain America: Civil War,2016,2h 27m,7.8,https://www.imdb.com/title/tt3498820/?ref_=sr_i_262,Political involvement in the Avengers' affairs causes a rift between Captain America and Iron Man.,,,,,,,,,
263. The Hobbit: The Desolation of Smaug,2013,2h 41m,7.8,https://www.imdb.com/title/tt1170358/?ref_=sr_i_263,"The dwarves, along with Bilbo Baggins and Gandalf the Grey, continue their quest to reclaim the Lonely Mountain, their homeland, from the dragon Smaug.",,,,,,,,,
264. Willy Wonka & the Chocolate Factory,1971,1h 40m,7.8,https://www.imdb.com/title/tt0067992/?ref_=sr_i_264,A poor but hopeful boy seeks one of the five coveted golden tickets that will send him on a tour of Willy Wonka's mysterious chocolate factory.,,,,,,,,,
265. Puss in Boots: The Last Wish,2022,1h 42m,7.8,https://www.imdb.com/title/tt3915174/?ref_=sr_i_265,"When Puss in Boots discovers that his passion for adventure has taken its toll and he has burned through eight of his nine lives, he launches an epic journey to restore them by finding the mythical Last Wish.",,,,,,,,,
266. Ghostbusters,1984,1h 45m,7.8,https://www.imdb.com/title/tt0087332/?ref_=sr_i_266,"Three parapsychologists forced out of their university funding set up shop as a unique ghost removal service in New York City, attracting frightened yet skeptical customers.",,,,,,,,,
267. The Girl with the Dragon Tattoo,2011,2h 38m,7.8,https://www.imdb.com/title/tt1568346/?ref_=sr_i_267,Journalist Mikael Blomkvist is aided in his search for a woman who has been missing for 40 years by hacker Lisbeth Salander.,,,,,,,,,
268. The Sandlot Kids,1993,1h 41m,7.8,https://www.imdb.com/title/tt0108037/?ref_=sr_i_268,"In the summer of 1962, a new kid in town is taken under the wing of a young baseball prodigy and his rowdy team, resulting in many adventures.",,,,,,,,,
269. Nightcrawler,2014,1h 57m,7.8,https://www.imdb.com/title/tt2872718/?ref_=sr_i_269,A petty thief desperate for work muscles into the world of crime journalism and becomes the star of his own story as he blurs the line between observer and participant.,,,,,,,,,
270. Manchester by the Sea,2016,2h 17m,7.8,https://www.imdb.com/title/tt4034228/?ref_=sr_i_270,A depressed uncle is asked to take care of his teenage nephew after the boy's father dies.,,,,,,,,,
271. Cast Away,2000,2h 23m,7.8,https://www.imdb.com/title/tt0162222/?ref_=sr_i_271,A FedEx executive undergoes a physical and emotional transformation after crash landing on a deserted island.,,,,,,,,,
272. Misery,1990,1h 47m,7.8,https://www.imdb.com/title/tt0100157/?ref_=sr_i_272,"After a famous author is rescued from a car crash by a fan of his novels, he comes to realize that the care he is receiving is only the beginning of a nightmare of captivity and abuse.",,,,,,,,,
273. Captain Fantastic,2016,1h 58m,7.8,https://www.imdb.com/title/tt3553976/?ref_=sr_i_273,"In the forests of the Pacific Northwest, a father devoted to raising his six kids with a rigorous physical and intellectual education is forced to leave his paradise and enter the world, challenging his idea of what it means to be a parent.",,,,,,,,,
274. Hot Fuzz,2007,2h 1m,7.8,https://www.imdb.com/title/tt0425112/?ref_=sr_i_274,"An overachieving London police sergeant is transferred to a village where the easygoing officers object to his fervor for regulations, all while a string of grisly murders strikes the town.",,,,,,,,,
275. Mary Poppins,1964,2h 19m,7.8,https://www.imdb.com/title/tt0058331/?ref_=sr_i_275,"In turn of the century London, a magical nanny employs music and adventure to help two neglected children become closer to their father.",,,,,,,,,
276. The Last Samurai,2003,2h 34m,7.8,https://www.imdb.com/title/tt0325710/?ref_=sr_i_276,"In 19th century Japan, Nathan Algren, a US army captain, is hired by the Japanese emperor to train his army in the modern warfare techniques. Captain Algren finds himself trapped in a struggle between two eras and two worlds.",,,,,,,,,
277. Back to the Future Part II,1989,1h 48m,7.8,https://www.imdb.com/title/tt0096874/?ref_=sr_i_277,"After visiting 2015, Marty McFly must repeat his visit to 1955 to prevent disastrous changes to 1985...without interfering with his first trip.",,,,,,,,,
278. Walk the Line,2005,2h 16m,7.8,https://www.imdb.com/title/tt0358273/?ref_=sr_i_278,"A chronicle of country music legend Johnny Cash's life, from his early days on an Arkansas cotton farm to his rise to fame with Sun Records in Memphis, where he recorded alongside Elvis Presley, Jerry Lee Lewis, and Carl Perkins.",,,,,,,,,
279. The Untouchables,1987,1h 59m,7.8,https://www.imdb.com/title/tt0094226/?ref_=sr_i_279,"During Prohibition, Treasury agent Eliot Ness sets out to stop ruthless Chicago gangster Al Capone, and assembles a small, incorruptible team to help him.",,,,,,,,,
280. The Bourne Identity,2002,1h 59m,7.8,https://www.imdb.com/title/tt0258463/?ref_=sr_i_280,"A man is picked up by a fishing boat, bullet-riddled and suffering from amnesia, before racing to elude assassins and attempting to regain his memory.",,,,,,,,,
281. The Searchers,1956,1h 59m,7.8,https://www.imdb.com/title/tt0049730/?ref_=sr_i_281,An American Civil War veteran embarks on a years-long journey to rescue his niece from the Comanches after the rest of his brother's family is massacred in a raid on their Texas farm.,,,,,,,,,
282. Remember the Titans,2000,1h 53m,7.8,https://www.imdb.com/title/tt0210945/?ref_=sr_i_282,"In 1971, Virginia high-school football was everything to the people of Alexandria, but when the school board was forced to integrate an all-Black school with an all-white one, the foundation of football's tradition was put to the test.",,,,,,,,,
283. American Gangster,2007,2h 37m,7.8,https://www.imdb.com/title/tt0765429/?ref_=sr_i_283,"An outcast New York City cop is charged with bringing down Harlem drug lord Frank Lucas, whose real life inspired this partly biographical film.",,,,,,,,,
284. Skyfall,2012,2h 23m,7.8,https://www.imdb.com/title/tt1074638/?ref_=sr_i_284,"James Bond's loyalty to M is tested when her past comes back to haunt her. When MI6 comes under attack, 007 must track down and destroy the threat, no matter how personal the cost.",,,,,,,,,
285. Midnight Cowboy,1969,1h 53m,7.8,https://www.imdb.com/title/tt0064665/?ref_=sr_i_285,"A naive hustler travels from Texas to New York City to seek personal fortune, finding a new friend in the process.",,,,,,,,,
286. Mississippi Burning,1988,2h 8m,7.8,https://www.imdb.com/title/tt0095647/?ref_=sr_i_286,Two F.B.I. Agents with wildly different styles arrive in Mississippi to investigate the disappearance of some civil rights activists.,,,,,,,,,
287. The Fugitive,1993,2h 10m,7.8,https://www.imdb.com/title/tt0106977/?ref_=sr_i_287,"Dr. Richard Kimble, unjustly accused of murdering his wife, must find the real killer while being the target of a nationwide manhunt led by a seasoned U.S. Marshal.",,,,,,,,,
288. Boyz n the Hood,1991,1h 52m,7.8,https://www.imdb.com/title/tt0101507/?ref_=sr_i_288,"Follows the lives of three young males living in the Crenshaw ghetto of Los Angeles, dissecting questions of race, relationships, violence, and future prospects.",,,,,,,,,
289. Coraline,2009,1h 40m,7.8,https://www.imdb.com/title/tt0327597/?ref_=sr_i_289,"Wandering her rambling old house in her boring new town, a young girl discovers a hidden door to a strangely idealized version of her life that seems too good to be true.",,,,,,,,,
290. A Bronx Tale,1993,2h 1m,7.8,https://www.imdb.com/title/tt0106489/?ref_=sr_i_290,"An intense drama about a boy torn between his tough, hard-working father and a violent yet charismatic crime boss.",,,,,,,,,
291. Straight Outta Compton,2015,2h 27m,7.8,https://www.imdb.com/title/tt1398426/?ref_=sr_i_291,The rap group NWA emerges from the mean streets of Compton in the mid-1980s and revolutionizes hip-hop culture with their music and tales about life in the hood.,,,,,,,,,
292. Big Hero 6,2014,1h 42m,7.8,https://www.imdb.com/title/tt2245084/?ref_=sr_i_292,"A special bond develops between plus-sized inflatable robot Baymax and prodigy Hiro Hamada, who together team up with a group of friends to form a band of high-tech heroes.",,,,,,,,,
293. The Man from Earth,2007,1h 27m,7.8,https://www.imdb.com/title/tt0756683/?ref_=sr_i_293,An impromptu goodbye party for Professor John Oldman becomes a mysterious interrogation after the retiring scholar reveals to his colleagues he has a longer and stranger past than they can imagine.,,,,,,,,,
294. RRR,2022,3h 7m,7.8,https://www.imdb.com/title/tt8178634/?ref_=sr_i_294,A fearless warrior on a perilous mission comes face to face with a steely cop serving British forces in this epic saga set in pre-independent India.,,,,,,,,,
295. Close,2022,1h 44m,7.8,https://www.imdb.com/title/tt9660502/?ref_=sr_i_295,"The intense friendship between two thirteen-year old boys Leo and Remi suddenly gets disrupted. Struggling to understand what has happened, Léo approaches Sophie, Rémi's mother. ""Close"" is a film about friendship and responsibility.",,,,,,,,,
296. Serenity,2005,1h 59m,7.8,https://www.imdb.com/title/tt0379786/?ref_=sr_i_296,The crew of the ship Serenity try to evade an assassin sent to recapture telepath River.,,,,,,,,,
297. Monster,2023,2h 7m,7.8,https://www.imdb.com/title/tt23736044/?ref_=sr_i_297,A mother demands answers from her son's teacher when her son begins acting strangely.,,,,,,,,,
298. Moonrise Kingdom,2012,1h 34m,7.8,https://www.imdb.com/title/tt1748122/?ref_=sr_i_298,"Two 12-year-olds, who live on an island, fall in love with each other and elope into the wilderness. While people set out on a search mission, a violent storm approaching them catches their attention.",,,,,,,,,
299. Captain Phillips,2013,2h 14m,7.8,https://www.imdb.com/title/tt1535109/?ref_=sr_i_299,"The true story of Captain Richard Phillips and the 2009 hijacking by Somali pirates of the U.S.-flagged MV Maersk Alabama, the first American cargo ship to be hijacked in two hundred years.",,,,,,,,,
300. Moon,2009,1h 37m,7.8,https://www.imdb.com/title/tt1182345/?ref_=sr_i_300,"Astronaut Sam Bell has a quintessentially personal encounter toward the end of his three-year stint on the Moon, where he, working alongside his computer, GERTY, sends back to Earth parcels of a resource that has helped diminish our planet's power problems.",,,,,,,,,
